{
  "132,111-races-goblin-base": {
    "npc": "races-goblin-base",
    "spawnRate": 400,
    "wanderArea": {
      "layer": "world",
      "x": 132,
      "y": 111,
      "radius": 10,
      "type": "circle"
    },
    "spawnLocations": [
      {
        "layer": "world",
        "x": 138,
        "y": 116
      },
      {
        "layer": "world",
        "x": 126,
        "y": 117
      },
      {
        "layer": "world",
        "x": 127,
        "y": 105
      },
      {
        "layer": "world",
        "x": 130,
        "y": 114
      },
      {
        "layer": "world",
        "x": 128,
        "y": 115
      }
    ],
    "capacity": 5
  },
  "133,110-races-goblin-base": {
    "npc": "races-goblin-base",
    "spawnRate": 400,
    "wanderArea": {
      "layer": "world",
      "x": 133,
      "y": 110,
      "radius": 10,
      "type": "circle"
    },
    "spawnLocations": [
      {
        "layer": "world",
        "x": 126,
        "y": 110
      },
      {
        "layer": "world",
        "x": 131,
        "y": 110
      },
      {
        "layer": "world",
        "x": 132,
        "y": 118
      },
      {
        "layer": "world",
        "x": 125,
        "y": 106
      },
      {
        "layer": "world",
        "x": 126,
        "y": 114
      }
    ],
    "capacity": 5
  },
  "140,80-animal-rat-8_large": {
    "npc": "animal-rat-8_large",
    "spawnRate": 400,
    "wanderArea": {
      "layer": "world",
      "x": 140,
      "y": 80,
      "radius": 10,
      "type": "circle"
    },
    "spawnLocations": [
      {
        "layer": "world",
        "x": 144,
        "y": 72
      },
      {
        "layer": "world",
        "x": 139,
        "y": 87
      },
      {
        "layer": "world",
        "x": 134,
        "y": 74
      },
      {
        "layer": "world",
        "x": 138,
        "y": 77
      },
      {
        "layer": "world",
        "x": 137,
        "y": 72
      }
    ],
    "capacity": 5
  },
  "162,33-quest-cornpop-gourmet": {
    "npc": "quest-cornpop-gourmet",
    "spawnRate": 400,
    "wanderArea": {
      "layer": "world",
      "type": "rect",
      "minx": 160,
      "miny": 32,
      "maxx": 166,
      "maxy": 37
    },
    "spawnLocations": [
      {
        "layer": "world",
        "x": 163,
        "y": 34
      }
    ],
    "capacity": 1
  },
  "171,18-quest-crabby-wife": {
    "npc": "quest-crabby-wife",
    "spawnRate": 400,
    "wanderArea": {
      "layer": "world",
      "type": "rect",
      "minx": 170,
      "miny": 15,
      "maxx": 173,
      "maxy": 19
    },
    "spawnLocations": [
      {
        "layer": "world",
        "x": 172,
        "y": 17
      }
    ],
    "capacity": 1
  },
  "175,92-quest-crabby-kid": {
    "npc": "quest-crabby-kid",
    "spawnRate": 400,
    "wanderArea": {
      "layer": "world",
      "x": 175,
      "y": 92,
      "radius": 6,
      "type": "circle"
    },
    "spawnLocations": [
      {
        "layer": "world",
        "x": 174,
        "y": 92
      }
    ],
    "capacity": 1
  },
  "crabs": {
    "npc": "animal-crab-river",
    "spawnRate": 45,
    "wanderArea": {
      "layer": "world",
      "type": "rect",
      "minx": 181,
      "miny": 56,
      "maxx": 191,
      "maxy": 97
    },
    "spawnLocations": [
      {
        "layer": "world",
        "x": 184,
        "y": 60
      },
      {
        "layer": "world",
        "x": 189,
        "y": 68
      },
      {
        "layer": "world",
        "x": 184,
        "y": 73
      },
      {
        "layer": "world",
        "x": 188,
        "y": 77
      },
      {
        "layer": "world",
        "x": 185,
        "y": 82
      },
      {
        "layer": "world",
        "x": 189,
        "y": 84
      },
      {
        "layer": "world",
        "x": 186,
        "y": 88
      },
      {
        "layer": "world",
        "x": 183,
        "y": 88
      },
      {
        "layer": "world",
        "x": 187,
        "y": 92
      },
      {
        "layer": "world",
        "x": 183,
        "y": 66
      }
    ],
    "capacity": 10
  },
  "location-milltown-baker": {
    "npc": "location-milltown-baker",
    "spawnRate": 60,
    "wanderArea": {
      "layer": "world",
      "type": "rect",
      "minx": 160,
      "miny": 10,
      "maxx": 167,
      "maxy": 14
    },
    "spawnLocations": [
      {
        "layer": "world",
        "x": 165,
        "y": 12
      }
    ],
    "capacity": 1
  },
  "location-milltown-mary": {
    "npc": "location-milltown-mary",
    "spawnRate": 60,
    "wanderArea": {
      "layer": "world",
      "type": "rect",
      "minx": 152,
      "miny": 32,
      "maxx": 157,
      "maxy": 36
    },
    "spawnLocations": [
      {
        "layer": "world",
        "x": 155,
        "y": 34
      }
    ],
    "capacity": 1
  },
  "location-milltown-mcdavid": {
    "npc": "location-milltown-mcdavid",
    "spawnRate": 60,
    "wanderArea": {
      "layer": "world",
      "type": "rect",
      "minx": 154,
      "miny": 22,
      "maxx": 158,
      "maxy": 27
    },
    "spawnLocations": [
      {
        "layer": "world",
        "x": 156,
        "y": 25
      }
    ],
    "capacity": 1
  },
  "location-northeast-fisherman": {
    "npc": "location-northeast-fisherman",
    "spawnRate": 60,
    "wanderArea": {
      "layer": "world",
      "x": 197,
      "y": 33,
      "radius": 3,
      "type": "circle"
    },
    "spawnLocations": [
      {
        "layer": "world",
        "x": 197,
        "y": 33
      }
    ],
    "capacity": 1
  },
  "location-northeast-perem": {
    "npc": "location-northeast-perem",
    "spawnRate": 60,
    "wanderArea": {
      "layer": "world",
      "x": 215,
      "y": 4,
      "radius": 3,
      "type": "circle"
    },
    "spawnLocations": [
      {
        "layer": "world",
        "x": 215,
        "y": 4
      }
    ],
    "capacity": 1
  },
  "miller-0": {
    "npc": "farm-miller",
    "spawnRate": 0,
    "wanderArea": {
      "layer": "world",
      "type": "rect",
      "minx": 171,
      "miny": 23,
      "maxx": 174,
      "maxy": 28
    },
    "spawnLocations": [
      {
        "layer": "world",
        "x": 172,
        "y": 27
      }
    ],
    "capacity": 1
  }
}