{
  "broken": {
    "side": "broken-side.png",
    "top": "broken-top.jpg"
  },
  "church": {
    "side": "church-side.jpg",
    "top": "church-top.jpg"
  },
  "clay_blue": {
    "side": "clay_blue-side.png",
    "top": "clay_blue-top.png"
  },
  "clay_brown": {
    "side": "clay_brown-side.png",
    "top": "clay_brown-top.png"
  },
  "clay_hex_orange": {
    "side": "clay_hex_orange-side.png",
    "top": "clay_hex_orange-top.png"
  },
  "clay_hex_red": {
    "side": "clay_hex_red-side.png",
    "top": "clay_hex_red-top.png"
  },
  "clay_hex_violet": {
    "side": "clay_hex_violet-side.png",
    "top": "clay_hex_violet-top.png"
  },
  "clay_red": {
    "side": "clay_red-side.png",
    "top": "clay_red-top.png"
  },
  "empty": {
    "side": "empty-side.png",
    "top": "empty-top.png"
  },
  "straw": {
    "side": "straw-side.jpg",
    "top": "straw-top.jpg"
  },
  "wood_blue": {
    "side": "wood_blue-side.png",
    "top": "wood_blue-top.png"
  },
  "wood_brown": {
    "side": "wood_brown-side.png",
    "top": "wood_brown-top.png"
  },
  "wood_layered_blue": {
    "side": "wood_layered_blue-side.png",
    "top": "wood_layered_blue-top.png"
  },
  "wood_layered_brown": {
    "side": "wood_layered_brown-side.png",
    "top": "wood_layered_brown-top.png"
  },
  "wood_layered_orange": {
    "side": "wood_layered_orange-side.png",
    "top": "wood_layered_orange-top.png"
  },
  "wood_red": {
    "side": "wood_red-side.png",
    "top": "wood_red-top.png"
  }
}